sku,question,answer
NS-001,Aura Bluetooth Headphones,"Battery: up to 30 hours playback; 5-minute quick charge adds ~3 hours. Connectivity: Bluetooth 5.3 with multipoint (2 devices). Dimensions: 7.1 × 6.3 × 3.2 in (folded); 9.8 oz. Water resistance: not rated — avoid rain and sweat. Compatibility: iOS, Android, macOS, Windows; 3.5 mm wired backup included. Box contents: headphones, USB-C cable, 3.5 mm audio cable, soft case. Use case: all-day listening, travel, office. Limitations: no active noise cancellation; not designed for high-impact sports."
NS-002,Smartwatch Pulse,"Battery: up to 7 days smartwatch mode; GPS workouts ~20 hours. Connectivity: Bluetooth 5.2; syncs with Vega app (iOS/Android). Dimensions: 44 mm case; 1.4 in always-on AMOLED; band fits 140–210 mm wrists. Water resistance: 5 ATM (50 m) — swim-safe. Compatibility: iOS 15+, Android 10+. Box contents: watch, silicone band, magnetic charger. Use case: fitness tracking, daily notifications, sleep monitoring. Limitations: no cellular; ECG not available on this model."
NS-003,Mini Bluetooth Speaker,"Battery: up to 12 hours at 50% volume. Connectivity: Bluetooth 5.1; range ~33 ft. Dimensions: 3.5 × 3.5 × 4.1 in; 12 oz. Water resistance: IPX7 (submersible up to 1 m for 30 min). Compatibility: any Bluetooth audio source. Box contents: speaker, USB-C cable, carabiner clip. Use case: travel, outdoor, shower. Limitations: no microphone for calls; mono driver (360° sound, not stereo separation)."
NS-004,Gourmet Coffee Kit,"Battery: N/A (manual brewing). Connectivity: N/A. Dimensions: gift box 12 × 9 × 4 in; ~2.4 lb total. Water resistance: N/A — keep dry. Compatibility: standard pour-over kettles and mugs. Box contents: 3 × 12 oz single-origin roasts, ceramic dripper, stainless reusable filter, brewing guide. Use case: gifts, home manual brewing. Limitations: not compatible with pod or espresso machines; roasts are whole bean (grinder not included)."
NS-005,Headphone Studio Pro,"Battery: up to 40 hours with ANC on; 45 hours ANC off. Connectivity: Bluetooth 5.3 + 3.5 mm wired. Dimensions: 7.5 × 6.8 × 3.4 in; 10.6 oz. Water resistance: not rated. Compatibility: studio interfaces, phones, laptops via BT or cable. Box contents: headphones, USB-C cable, 3.5 mm cable, hard case. Use case: mixing, podcasting, focused work. Limitations: currently out of stock; closed-back design may feel warm in summer."
NS-006,Earbuds Sport Lite,"Battery: 6 hours per bud; 24 hours with case. Connectivity: Bluetooth 5.2; AAC/SBC. Dimensions: 0.9 × 0.7 × 0.9 in per bud; 1.8 oz case. Water resistance: IPX5 (splash/sweat). Compatibility: iOS, Android. Box contents: earbuds, charging case, 3 wing-tip sizes, USB-C cable. Use case: running, gym, commute. Limitations: no active noise cancellation; touch controls only (no volume rocker on buds)."
NS-007,Soundbar Cinema 380,"Battery: N/A (AC powered). Connectivity: HDMI ARC, optical, Bluetooth 5.0. Dimensions: soundbar 32 × 2.4 × 3.1 in; wireless sub 7 × 7 × 8 in. Water resistance: N/A — indoor use only. Compatibility: TVs with HDMI ARC/eARC; Bluetooth phones/tablets. Box contents: soundbar, wireless subwoofer, HDMI cable, optical cable, wall-mount kit. Use case: living-room TV, streaming. Limitations: not a Dolby Atmos system; sub placement affects bass response."
NS-008,Fitness Band Move,"Battery: up to 14 days typical use. Connectivity: Bluetooth 5.0; Vega app sync. Dimensions: 0.7 × 0.5 in display; band 120–210 mm. Water resistance: 5 ATM swim-safe. Compatibility: iOS 14+, Android 9+. Box contents: band, magnetic charger, quick-start guide. Use case: steps, sleep, basic workouts. Limitations: no built-in GPS (uses phone GPS); no onboard music storage."
NS-009,Smartwatch Pulse Max,"Battery: up to 5 days with always-on display; 40 hours GPS mode. Connectivity: Bluetooth 5.3, Wi-Fi (app sync). Dimensions: 46 mm titanium case; 1.5 in AMOLED. Water resistance: 10 ATM. Compatibility: iOS 16+, Android 11+. Box contents: watch, sport band, leather band, USB-C magnetic dock. Use case: health monitoring, outdoor GPS, premium gift. Limitations: no cellular; ECG requires regional app approval."
NS-010,Halo Smart Ring,"Battery: up to 7 days; charges in ~90 min. Connectivity: Bluetooth 5.1; Vega app. Dimensions: sizes 6–13 (sizing kit included); 0.28 in thick; ~0.14 oz. Water resistance: IP68 (swim, shower). Compatibility: iOS 15+, Android 10+. Box contents: ring, charging dock, sizing inserts. Use case: sleep tracking, recovery scores, discreet wear. Limitations: no display or haptic notifications; sizing non-returnable once worn."
NS-011,Aroma Zen Humidifier,"Battery: N/A (AC adapter). Connectivity: none — manual controls only. Dimensions: 8 × 8 × 10 in; 1.2 L tank. Water resistance: N/A — ultrasonic humidifier. Compatibility: tap or distilled water recommended. Box contents: unit, AC adapter, cleaning brush. Use case: bedroom, office aromatherapy. Limitations: essential oils optional — use Vega-approved oils only; not a medical device."
NS-012,Smart Lumen Lamp,"Battery: N/A (AC powered). Connectivity: Wi-Fi 2.4 GHz; Alexa, Google Home, Vega app. Dimensions: 10 × 5 in base; 18 in height adjustable. Water resistance: N/A — indoor only. Compatibility: iOS/Android app; 2.4 GHz Wi-Fi required. Box contents: lamp, power adapter. Use case: desk, nursery, ambient lighting. Limitations: no Thread/Matter; 5 GHz Wi-Fi not supported."
NS-013,Compact Brew Coffee Maker,"Battery: N/A (AC). Connectivity: none. Dimensions: 10 × 8 × 14 in; 12-cup thermal carafe. Water resistance: N/A. Compatibility: standard #4 filters (10 included). Box contents: brewer, thermal carafe, filter starter pack. Use case: daily drip coffee, programmable mornings. Limitations: not compatible with K-Cups; carafe is hand-wash recommended."
NS-014,Nova Thermal Bottle,"Battery: N/A. Connectivity: N/A. Dimensions: 10.5 × 3 in; 24 oz capacity. Water resistance: leak-proof lid (not submersible). Compatibility: hot and cold beverages. Box contents: bottle, spare gasket. Use case: commute, gym, hiking. Limitations: not microwave or dishwasher safe; keeps heat 12 h / cold 24 h under normal use."
NS-015,Gaming Headset Pro,"Battery: N/A (wired USB + 3.5 mm). Connectivity: USB-A, 3.5 mm; 7.1 virtual surround via PC software. Dimensions: 8 × 7 × 4 in; 12 oz. Water resistance: not rated. Compatibility: PC, PlayStation, Xbox, Switch (3.5 mm). Box contents: headset, detachable mic, USB splitter, 3.5 mm cable. Use case: gaming, streaming, voice chat. Limitations: surround software PC-only; no Bluetooth."
NS-016,Wireless Earbuds Pro,"Battery: 8 h buds; 28 h with case; Qi wireless charging case. Connectivity: Bluetooth 5.3 multipoint; AAC, aptX. Dimensions: in-ear; case 2.2 × 2.2 × 1 in. Water resistance: IPX4. Compatibility: iOS, Android, laptops. Box contents: earbuds, case, 4 ear-tip sizes, USB-C cable. Use case: commute, ANC focus. Limitations: transparency mode reduces bass; fit critical for ANC performance."
NS-017,Vinyl Turntable Mini,"Battery: N/A (AC). Connectivity: Bluetooth 5.0 out; built-in stereo speakers. Dimensions: 13 × 11 × 4 in; plays 33/45 RPM. Water resistance: N/A. Compatibility: 7 and 12 in records; BT headphones/speakers. Box contents: turntable, dust cover, 45 adapter. Use case: casual vinyl listening, decor. Limitations: built-in speakers are mono-ish; audiophile setups should use line/Bluetooth out."
NS-018,Kids GPS Watch,"Battery: up to 2 days typical; GPS active ~8 hours. Connectivity: 4G LTE (demo SIM not included); GPS; Vega Family app. Dimensions: 1.6 in display; child wrist 130–170 mm. Water resistance: IP67 splash/rain. Compatibility: iOS/Android parent app. Box contents: watch, charging cable, screen protector. Use case: school commute, safe zones. Limitations: requires active data plan; games disabled in school mode."
NS-019,Enduro Running Watch,"Battery: up to 14 days smart mode; 80 hours GPS ultra mode. Connectivity: Bluetooth 5.3; ANT+ sensors. Dimensions: 47 mm polymer case; 1.4 in MIP display. Water resistance: 10 ATM; MIL-STD-810G. Compatibility: Strava, Vega app, chest straps. Box contents: watch, silicone band, USB cable. Use case: trail running, ultras. Limitations: no music storage; maps require phone sync."
NS-020,Sleep Tracker Band,"Battery: up to 7 nights per charge. Connectivity: Bluetooth 5.0; sync on wake. Dimensions: 0.4 in wide soft strap; one size adjustable. Water resistance: IPX7 (shower-safe). Compatibility: Vega Sleep app iOS/Android. Box contents: band, magnetic charger. Use case: overnight HRV and sleep stages. Limitations: no daytime smartwatch features; not a medical sleep apnea device."
NS-021,PureBreeze Air Purifier,"Battery: N/A (AC). Connectivity: Wi-Fi 2.4 GHz optional app alerts. Dimensions: 12 × 12 × 24 in; covers ~300 sq ft. Water resistance: N/A. Compatibility: true HEPA H13 filter (replace ~6–12 months). Box contents: unit, pre-installed filter, manual. Use case: bedroom, office allergies. Limitations: not for heavy smoke remediation; replacement filters sold separately."
NS-022,Robot Vacuum Lite,"Battery: up to 100 min runtime; auto-recharge. Connectivity: Wi-Fi 2.4 GHz; Vega Home app. Dimensions: 12.8 in diameter × 3.2 in height. Water resistance: N/A — dry vacuum only. Compatibility: hard floor, low-pile rug; cliff sensors. Box contents: robot, dock, boundary strips, tool. Use case: daily floor maintenance. Limitations: currently out of stock; not for thick shag carpet or wet messes."
NS-023,Cast Iron Skillet Set,"Battery: N/A. Connectivity: N/A. Dimensions: 8, 10, 12 in skillets; ~15 lb set. Water resistance: N/A — cast iron rusts if soaked. Compatibility: all cooktops including induction; oven-safe to 500°F. Box contents: 3 skillets, care guide. Use case: searing, baking, camping. Limitations: hand-wash only; heavier than non-stick pans."
NS-024,Barista Espresso Machine,"Battery: N/A (AC). Connectivity: none. Dimensions: 12 × 10 × 14 in; 1.5 L water tank. Water resistance: N/A. Compatibility: ground espresso (pressurized portafilter). Box contents: machine, portafilter, tamper, milk pitcher. Use case: home espresso and lattes. Limitations: not pod-compatible; steam wand learning curve for latte art."
NS-025,Scented Candle Gift Set,"Battery: N/A. Connectivity: N/A. Dimensions: 3 tins × 4 oz each; gift box 9 × 6 × 2 in. Water resistance: N/A. Compatibility: N/A. Box contents: cedar, vanilla bean, citrus candles; matches not included. Use case: gifts, ambiance. Limitations: burn within sight; ~25 h burn time per tin; soy wax — trim wick to ¼ in."
NS-026,Beam Portable Projector,"Battery: up to 2.5 h built-in; AC powered for long sessions. Connectivity: Wi-Fi, HDMI, Bluetooth audio out; built-in apps (demo). Dimensions: 6 × 4 × 2 in; 80–120 in throw. Water resistance: N/A. Compatibility: streaming apps, HDMI laptops, BT speakers. Box contents: projector, remote, USB-C power, tripod thread. Use case: travel movies, dorm. Limitations: 720p native; daylight viewing needs dim room."
NS-027,Earbuds Max ANC,"Battery: 10 h ANC on; 36 h with case; wireless charging. Connectivity: Bluetooth 5.3 multipoint; spatial audio on supported sources. Dimensions: in-ear; case 2.4 × 2.4 × 1.1 in. Water resistance: IPX4. Compatibility: iOS spatial audio; Android AAC. Box contents: earbuds, case, USB-C, ear tips S/M/L. Use case: travel ANC, focus work. Limitations: spatial audio content-dependent; case is pocketable but not ultra-compact."
NS-028,Wellness Smart Scale,"Battery: 4 × AAA (~12 months). Connectivity: Wi-Fi 2.4 GHz sync to Vega app. Dimensions: 12 × 12 × 1 in; max 400 lb. Water resistance: glass top — wipe clean only. Compatibility: iOS/Android; up to 8 users. Box contents: scale, batteries, feet pads. Use case: weight and body composition trends. Limitations: not for pacemaker users; bare feet required for bioimpedance."
